cmtid,itemid,rating_star,comment,modelid,model_name,filter,anonymous,origin_region,region,ctime,submit_time
14900679361,22489557572,5,"Giao HÃ ng Nhanh. ÄÃ³ng GÃ³i Äáº¹p.Giao ÄÃºng MÃ u, Äáº·t size 41 giao Ä‘Ãºng size 41. Chá»§ shop nhiá»‡t tÃ¬nh. DÃ©p giÃ¡ há»£p lÃ½ vÃ  Ä‘áº¹p ná»¯a. Mn nhá»› á»§ng há»™ shop nha. Cho shop 5 sao",184956190808,"Quai Ä‘en Ä‘áº¿ tráº¯ng,Size 43",1,False,vn,VN,1713278105,1713278105
14891685894,22489557572,5,"U lÃ  trá»i. Æ¯ng Ã½ láº¯m luÃ´n nha má»i ngÆ°á»i. Cháº¥t da thÃ¬ khá»i bÃ n cÃ£i vÃ¬ hÃ ng chuáº©n da xá»‹n, chuáº©n thÆ°Æ¡ng hiá»‡u. Thiáº¿t káº¿ cÅ©ng mang phong cÃ¡ch riÃªng. K Ä‘áº¡i trÃ  Giao HÃ ng Nhanh. ÄÃ³ng GÃ³i Äáº¹p.Giao ÄÃºng MÃ u, Äáº·t size 41 giao Ä‘Ãºng size 41. Chá»§ shop nhiá»‡t tÃ¬nh. DÃ©p giÃ¡ há»£p lÃ½ vÃ  Ä‘áº¹p ná»¯a. Mn nhá»› á»§ng há»™ shop nha.Tháº¥y review trÃªn shop Ä‘áº¹p mÃ  ráº» nÃªn mua thá»­, cháº¥t quÃ¡ Ä‘áº¹p, quÃ¡ á»•n vá»›i giÃ¡ tiá»n nha, mÃ u Ä‘áº¹p nhÆ° trong áº£nh, da cÄƒng má»‹n. nÃ³i chung vá»›i giÃ¡ Ä‘Ã³ khÃ¡ lÃ  ok. Cho shop 5 sao",184956190808,"Quai Ä‘en Ä‘áº¿ tráº¯ng,Size 43",1,False,vn,VN,1713191142,1713191142
14920483239,22489557572,5,"HÃ ng cá»§a shop mÃ¬nh Ä‘Ã£ mua vÃ  sá»­ dá»¥ng tháº¥y ráº¥t tá»‘t.Tá»‘t tá»« chÃ¡t liá»‡u Ä‘áº¿n fom dÃ¡ng,cÃ¡ báº¡n lÃªn mua á»§ng há»™ shop nha.CÃ²n vá» cháº¥t lÆ°á»£ng phá»¥c vá»¥ shop tÆ° váº¥n size sá»‘ ráº¥t nhiá»‡t tÃ¬nh .Xá»©ng Ä‘Ã¡ng 5 sao",184956190808,"Quai Ä‘en Ä‘áº¿ tráº¯ng,Size 43",1,False,vn,VN,1713446645,1713446645
14875387692,22489557572,5,"HÃ ng cá»§a shop mÃ¬nh Ä‘Ã£ mua vÃ  sá»­ dá»¥ng tháº¥y ráº¥t tá»‘t.Tá»‘t tá»« chÃ¡t liá»‡u Ä‘áº¿n fom dÃ¡ng,cÃ¡ báº¡n lÃªn mua á»§ng há»™ shop nha.CÃ²n vá» cháº¥t lÆ°á»£ng phá»¥c vá»¥ shop tÆ° váº¥n size sá»‘ ráº¥t nhiá»‡t tÃ¬nh .Xá»©ng Ä‘Ã¡ng 5 sao",184956190800,"Full Ä‘en,Size 43",1,False,vn,VN,1713013062,1713013062
15168562152,22489557572,5,"GiÃ¡ ráº», sÄƒn sale cÃ²n ráº» hÆ¡n mÃ  nhÃ¬u Ä‘á»“, cháº¥t lÆ°á»£ng máº«u mÃ£ Ä‘áº¹p. NÃ³i chung lÃ  Ä‘iá»ƒm 10 cho cháº¥t lÆ°á»£ng. NÃªn mua nhÃ© má»i ngÆ°á»i !",184956190805,"Full Ä‘en,Size 41",1,False,vn,VN,1715504574,1715504574
14982293679,22489557572,5,"Shopee xÆ°a giá» chuyÃªn bÃ¡n giÃ¡ ráº» cho nÃªn mÃ¬nh sá»£ váº¥n Ä‘á» vá» cháº¥t lÆ°á»£ng láº¯m. NhÆ°ng tá»« khi mua Ä‘Æ°á»£c sáº£n pháº©m á»Ÿ shop nÃ y thÃ¬ mÃ¬nh Ä‘Ã£ yÃªn tÃ¢m hÆ¡n ráº¥t ráº¥t lÃ  nhiá»u. nháº­n Ä‘Æ°á»£c hÃ ng,hoÃ n toÃ n Æ°ng Ã½ vá» cÃ¡c sáº£n pháº©m cá»§a shop lÃ m Äƒn nhanh chÃ³ng khÃ´ng lá» má»,anh chá»§ thÃ¬ tuyá»‡t vá»i rá»“i ráº¥t nhiá»‡t tÃ¬nh rep tin nháº¯n nhanh. CÃ²n vá» sáº£n pháº©m ráº¥t Ä‘áº¹p hÃ ng chuáº©n nhÆ° hÃ¬nh áº£nh sáº£n pháº©m 9 thÃ¬ shop 10 rá»“i. á»§ng há»™ shop lÃ¢u dÃ i",184956190790,"Quai tráº¯ng Ä‘áº¿ Ä‘en,Size 37",1,False,vn,VN,1713971965,1713971965
15299026694,22489557572,5,"Mua cá»§a shop lÃ¢u rá»“i nay má»›i lÃªn review. Sáº£n pháº©m ráº¥t Ä‘áº¹p, Ä‘Ã³ng gÃ³i cáº©n tháº­n, giao hÃ ng cho bÃªn váº­n chuyá»ƒn nhanh. MÃ¬nh mua vá» táº·ng chÆ°a tháº©m Ä‘Æ°á»£c cháº¥t lÆ°á»£ng nhÆ°ng nhÃ¬n hÃ¬nh thá»©c thÃ¬ ráº¥t oki rá»“i. Má»i ngÆ°á»i nÃªn mua cá»§a shop nhÃ©. 5 sao cho cháº¥t lÆ°á»£ng tuyá»‡t vá»i.,",184956190794,"Quai Ä‘en Ä‘áº¿ tráº¯ng,Size 41",1,False,vn,VN,1716629807,1716629807
15168010222,22489557572,5,"MÃ¬nh muua size 41 mang ráº¥t vá»«a chÃ¢n , form dÃ©p chuáº©m nÃªn k cáº§n tÄƒng size hay lÃ¹i size gÃ¬ cáº£ , vá» pháº§n quai in ráº¥t sáº¯c nÃ©t , Ä‘áº¿ dÃ©p mang siÃªu Ãªm vÃ  nháº¹ tÃªnh luÃ´n , cáº£m Æ¡n shop Ä‘Ã£ cung cáº¥p sáº£m pháº©m tá»‘t vá»›i giÃ¡ cáº£ quÃ¡ ráº»ğŸ‘ğŸ‘ğŸ‘ğŸ‘â¤â¤â¤",184956190805,"Full Ä‘en,Size 41",1,False,vn,VN,1715501301,1715501301
14900773075,22489557572,5,"Mua cá»§a shop lÃ¢u rá»“i nay má»›i lÃªn review. Sáº£n pháº©m ráº¥t Ä‘áº¹p, Ä‘Ã³ng gÃ³i cáº©n tháº­n, giao hÃ ng cho bÃªn váº­n chuyá»ƒn nhanh. MÃ¬nh mua vá» táº·ng chÆ°a tháº©m Ä‘Æ°á»£c cháº¥t lÆ°á»£ng nhÆ°ng nhÃ¬n hÃ¬nh thá»©c thÃ¬ ráº¥t oki rá»“i. Má»i ngÆ°á»i nÃªn mua cá»§a shop nhÃ©. 5 sao cho cháº¥t lÆ°á»£ng tuyá»‡t vá»i.",184956190807,"Full Ä‘en,Size 38",1,False,vn,VN,1713278824,1713278824
14812818429,22489557572,5,"MÃ¬nh muua size 41 mang ráº¥t vá»«a chÃ¢n , form dÃ©p chuáº©m nÃªn k cáº§n tÄƒng size hay lÃ¹i size gÃ¬ cáº£ , vá» pháº§n quai in ráº¥t sáº¯c nÃ©t , Ä‘áº¿ dÃ©p mang siÃªu Ãªm vÃ  nháº¹ tÃªnh luÃ´n , cáº£m Æ¡n shop Ä‘Ã£ cung cáº¥p sáº£m pháº©m tá»‘t vá»›i giÃ¡ cáº£ quÃ¡ ráº»ğŸ‘ğŸ‘ğŸ‘ğŸ‘â¤â¤â¤",184956190790,"Quai tráº¯ng Ä‘áº¿ Ä‘en,Size 37",1,False,vn,VN,1712412148,1712412148
14813037099,22489557572,5,"Sáº£n pháº©m Ä‘c Ä‘Ã³ng gÃ³i ráº¥t lÃ  cáº©n tháº­n, shop phá»¥c vá»¥ nhiá»‡t tÃ¬nh dÃ©p Ä‘i Ãªm ko bá»‹ Ä‘au chÃ¢n láº§n sau sáº½ á»§ng há»™ shop trong thá»i gian tá»›i.NÃ³i chung lÃ  má»i ng nÃªn mua nha",184956190790,"Quai tráº¯ng Ä‘áº¿ Ä‘en,Size 37",1,False,vn,VN,1712413283,1712413283
14996898451,22489557572,5,"Ui nháº­n Ä‘Æ°á»£c Ä‘Ã´i dÃ©p siÃªu xinhhhh luÃ´nggggg. Shop quá»‘c táº¿ mÃ  chuáº©n bá»‹ hÃ ng vá»›i ship nhanh quÃ¡ hÃ , cá»¡ 2 ngÃ y lÃ  nháº­n Ä‘Æ°á»£c nÃ¨. SÄƒn sale giÃ¡ háº¡t dáº» ná»±a",184956190790,"Quai tráº¯ng Ä‘áº¿ Ä‘en,Size 37",1,False,vn,VN,1714108631,1714108631
15168268463,22489557572,5,"DÃ©p Ä‘áº¹p, giÃ¡o hÃ ng nhanh chÃ³ng, Ä‘Ã³ng gÃ³i cáº©n tháº­n . Shop uy tÃ­n cháº¥t lÆ°á»£ng giao Ä‘Ãºng hÃ¬nh Ä‘Ãºng máº«u . HÃ i lÃ²ng sáº½ quay láº¡i á»§ng há»™ shop",184956190805,"Full Ä‘en,Size 41",1,False,vn,VN,1715502832,1715502832
15046992513,22489557572,5,"DÃ©p Ä‘áº¹p, giÃ¡o hÃ ng nhanh chÃ³ng, Ä‘Ã³ng gÃ³i cáº©n tháº­n . Shop uy tÃ­n cháº¥t lÆ°á»£ng giao Ä‘Ãºng hÃ¬nh Ä‘Ãºng máº«u . HÃ i lÃ²ng sáº½ quay láº¡i á»§ng há»™ shop",184956190792,"Quai tráº¯ng Ä‘áº¿ Ä‘en,Size 38",1,False,vn,VN,1714556058,1714556058
14875507203,22489557572,5,Giao hÃ ng nhanh dÃ©p Ä‘Ãºng nhÆ° hÃ¬nh Chuáº©n máº«u chuáº©n size mÃ¬nh Ä‘áº·t quÃ¡ Æ°ng Ã½ sau sáº½ á»§ng há»™ shop tiáº¿p táº·ng shop 5 sao cho Ä‘á»™ng lá»±c nhÃ©,184956190800,"Full Ä‘en,Size 43",1,False,vn,VN,1713014067,1713014067
15168643389,22489557572,5,DÃ©p xinh láº¯m mn Æ¡i ban Ä‘áº§u mÃ¬nh sá»£ dÃ©p bá»‹ lá»—i áº¥y nma khÃ´ng há» bá»‹ lá»—i j luÃ´n shop Ä‘Ã³ng gÃ³i cáº©n tháº­n bá» trong há»™p vÃ  cÃ³ cáº£ card cáº£m Æ¡n ná»¯Ã¢a dÃ©p lÃªn form siu xinh luÃ´n hÃ¬nh thÃªu cÅ©ng ráº¥t Ä‘áº¹p ná»¯a miáº¿ng lÃ³t á»Ÿ trong dÃ y dáº·n Ãªm láº¯m áº¡ mang lÃªn nháº¹ tÃªnh luÃ´n nchung cho shop 10,184956190805,"Full Ä‘en,Size 41",1,False,vn,VN,1715505010,1715505010
14900931882,22489557572,5,"DÃ©p Ä‘áº¹p,mÃ¬nh chÃ¢n 23 cm mang vá»«a váº·n thoáº£i mÃ¡i.Shop gÃ³i hÃ ng kÄ© láº¯m,khÃ´ng bá»‹ mÃ³p mÃ©o gÃ¬,há»™p Ä‘á»±ng dÃ©p cÅ©ng Ä‘áº¹p ná»¯a.Ã€ vá»›i láº¡i má»i ngÆ°á»i nÃªn mua Ä‘Ãºng size nha vÃ¬ dÃ©p cÃ³ bá» ngang khÃ¡ rá»™ng Ã¡ nÃªn mua Ä‘Ãºng size mang sáº½ vá»«a váº·n hÆ¡n",184956190807,"Full Ä‘en,Size 38",1,False,vn,VN,1713280121,1713280121
15168869527,22489557572,5,Ä‘áº¹p Ä‘Ãºng máº«u shop Ä‘Ã³ng gÃ³i cáº­n tháº­n láº§n sau sáº½ á»§ng há»™ shop hÃ¬nh áº£nh mang tÃ­nh cháº¥t minh há»a Ã  Ä‘Ã¢y lÃ  dÃ©p cá»§a nam lÃªn ná»¯ mua thÃ¬ lÃªn lÃ¹i 1 sz thÃ¬ vá»«a Ä‘áº¹p cÃ²n muá»‘n Ä‘i rá»™ng thÃ¬ Ä‘i Ä‘Ãºng sz,184956190805,"Full Ä‘en,Size 41",1,False,vn,VN,1715506326,1715506326
15168086293,22489557572,5,"Shop giao hÃ ng nhanh chÃ³ng ÄÃ³ng gÃ³i ká»¹ cÃ ng, cáº©n tháº­n. Sp Ä‘Ãºng nhÆ° shop mÃ´ táº£. MÃ¬nh ráº¥t Æ°ng sp nÃ y vÃ  mua cho cáº£ gia Ä‘Ã¬nh mÃ¬nh dÃ¹ng. Cáº£m Æ¡n shop vá» sp nÃ y, sáº½ á»§ng há»™ shop ná»¯a",184956190805,"Full Ä‘en,Size 41",1,False,vn,VN,1715501751,1715501751
14812896882,22489557572,5,"Shop giao hÃ ng nhanh chÃ³ng ÄÃ³ng gÃ³i ká»¹ cÃ ng, cáº©n tháº­n. Sp Ä‘Ãºng nhÆ° shop mÃ´ táº£. MÃ¬nh ráº¥t Æ°ng sp nÃ y vÃ  mua cho cáº£ gia Ä‘Ã¬nh mÃ¬nh dÃ¹ng. Cáº£m Æ¡n shop vá» sp nÃ y, sáº½ á»§ng há»™ shop ná»¯a",184956190790,"Quai tráº¯ng Ä‘áº¿ Ä‘en,Size 37",1,False,vn,VN,1712412552,1712412552
14816659256,22489557572,5,"DÃ©p Ä‘áº¹p vÃ  ráº¥t Æ°ng Ã½. Shipper thÃ¢n thiá»‡n, cÃ²n chÃªu kÃ¬nh ná»¯a hhh. Shop Ä‘Ã³ng gÃ³i hÃ ng kÄ© quÃ¡ lÃ m mÃ¬nh mÃ£i má»›i má»Ÿ Ä‘c hihi. NÃ³i chung hÃ ng Ä‘áº¹p xá»‹n cho 1 sao, ak Ä‘Ã¹a tÃ­ cho 5sao",184956190790,"Quai tráº¯ng Ä‘áº¿ Ä‘en,Size 37",1,False,vn,VN,1712455258,1712455258
14817061827,22489557572,5,"Sáº£n pháº©m giao nhanh bá»c hÃ ng cáº©n tháº­n, mÃ u sáº¯c Ä‘Ãºng nhÆ° mÃ´ táº£ hy vá»ng lÃ  Ä‘i bá»n cho nÃ³ Ä‘i láº¡i thoáº£i mÃ¡i, thÃ­ch nÃªn mua cho nÃ³ Ä‘i hy vá»ng lÃ  ok",184956190790,"Quai tráº¯ng Ä‘áº¿ Ä‘en,Size 37",1,False,vn,VN,1712457942,1712457942
15043751692,22489557572,5,"DÃ©p Ä‘áº¹p láº¯m nhÃ© shop Æ¡i, Ä‘Ãºng vá»›i hÃ¬nh nhÃ© ráº» Ä‘áº¹p Ä‘eo khÃ¡ Ãªm chÃ¢n, giao hÃ ng nhanh láº¯m nhÃ© ráº¥t Æ°ng áº¡ láº§n sau sáº½ lji á»§ng há»™ shop áº¡",184956190792,"Quai tráº¯ng Ä‘áº¿ Ä‘en,Size 38",1,False,vn,VN,1714536134,1714536134
15043675103,22489557572,5,"DÃ©p Ä‘áº¹p láº¯m nhÃ© shop Æ¡i, Ä‘Ãºng vá»›i hÃ¬nh nhÃ© ráº» Ä‘áº¹p Ä‘eo khÃ¡ Ãªm chÃ¢n, giao hÃ ng nhanh láº¯m nhÃ© ráº¥t Æ°ng áº¡ láº§n sau sáº½ lji á»§ng há»™ shop áº¡",184956190792,"Quai tráº¯ng Ä‘áº¿ Ä‘en,Size 38",1,False,vn,VN,1714535604,1714535604
15043011718,22489557572,5,"DÃ©p Ä‘áº¹p láº¯m nhÃ© shop Æ¡i, Ä‘Ãºng vá»›i hÃ¬nh nhÃ© ráº» Ä‘áº¹p Ä‘eo khÃ¡ Ãªm chÃ¢n, giao hÃ ng nhanh láº¯m nhÃ© ráº¥t Æ°ng áº¡ láº§n sau sáº½ lji á»§ng há»™ shop áº¡",184956190792,"Quai tráº¯ng Ä‘áº¿ Ä‘en,Size 38",1,False,vn,VN,1714530489,1714530489
14891861437,22489557572,5,"Giao hÃ ng nhanh, cháº¥t lÆ°á»£ng tá»‘t, Ä‘Ãºng vá»›i mÃ´ táº£, Ä‘i nháº¹, Ãªm, vá»«a in luÃ´n. Ráº¥t tá»‘t, hÃ ng Ä‘áº¹p, mÃ¬nh sáº½ mua láº¡i vÃ o láº§n sau, mn nÃªn mua nha
C",184956190808,"Quai Ä‘en Ä‘áº¿ tráº¯ng,Size 43",1,False,vn,VN,1713192561,1713192561
14920558895,22489557572,5,"Giao hÃ ng nhanh, cháº¥t lÆ°á»£ng tá»‘t, Ä‘Ãºng vá»›i mÃ´ táº£, Ä‘i nháº¹, Ãªm, vá»«a in luÃ´n. Ráº¥t tá»‘t, hÃ ng Ä‘áº¹p, mÃ¬nh sáº½ mua láº¡i vÃ o láº§n sau, mn nÃªn mua nha",184956190808,"Quai Ä‘en Ä‘áº¿ tráº¯ng,Size 43",1,False,vn,VN,1713447058,1713447058
14891919115,22489557572,5,"Giao hÃ ng siu nhanh,Ä‘áº·t hÃ´m qua thÃ¬ hÃ´m nay cÃ³ dÃ©p mang luÃ´n, dÃ©p form Ä‘áº¹p ,quai ko bá»‹ rá»™ng vá»«a Ã½ mÃ¬nh, chÃ¢n mÃ¬nh 25,5 chá»n size 41 vá»«a luÃ´n",184956190807,"Full Ä‘en,Size 38",1,False,vn,VN,1713193072,1713193072
14913639865,22489557572,5,"Sau 2 ngÃ y chá» Ä‘á»£i cuá»‘i cÃ¹ng dÃ©p cÅ©ng vá». Cháº¥t lÆ°á»£ng dÃ©p tuyá»‡t vá»i.Äi Ãªm khÃ´ng trÆ¡n giÃ¡ cáº£ pháº£i trÄƒng quÃ¡ xuáº¥t sáº¯c luÃ´n , ok la shop",184956190800,"Full Ä‘en,Size 43",1,False,vn,VN,1713409128,1713409128
14821035540,22489557572,5,"Giao hÃ ng nhanh, cháº¥t lÆ°á»£ng tá»‘t, Ä‘Ãºng vá»›i mÃ´ táº£, Ä‘i nháº¹, Ãªm, vá»«a in luÃ´n. Ráº¥t tá»‘t, hÃ ng Ä‘áº¹p, mÃ¬nh sáº½ mua láº¡i vÃ o láº§n sau, mn nÃªn mua nha",184956190790,"Quai tráº¯ng Ä‘áº¿ Ä‘en,Size 37",1,False,vn,VN,1712478266,1712478266
14820512052,22489557572,5,"Giao hÃ ng nhanh, cháº¥t lÆ°á»£ng tá»‘t, Ä‘Ãºng vá»›i mÃ´ táº£, Ä‘i nháº¹, Ãªm, vá»«a in luÃ´n. Ráº¥t tá»‘t, hÃ ng Ä‘áº¹p, mÃ¬nh sáº½ mua láº¡i vÃ o láº§n sau, mn nÃªn mua nha",184956190790,"Quai tráº¯ng Ä‘áº¿ Ä‘en,Size 37",1,False,vn,VN,1712475757,1712475757
14900622473,22489557572,5,"Sau 2 ngÃ y chá» Ä‘á»£i cuá»‘i cÃ¹ng dÃ©p cÅ©ng vá». Cháº¥t lÆ°á»£ng dÃ©p tuyá»‡t vá»i.Äi Ãªm khÃ´ng trÆ¡n giÃ¡ cáº£ pháº£i trÄƒng quÃ¡ xuáº¥t sáº¯c luÃ´n , ok la shop",184956190807,"Full Ä‘en,Size 38",1,False,vn,VN,1713277689,1713277689
14877701767,22489557572,5,"Sau 2 ngÃ y chá» Ä‘á»£i cuá»‘i cÃ¹ng dÃ©p cÅ©ng vá». Cháº¥t lÆ°á»£ng dÃ©p tuyá»‡t vá»i.Äi Ãªm khÃ´ng trÆ¡n giÃ¡ cáº£ pháº£i trÄƒng quÃ¡ xuáº¥t sáº¯c luÃ´n , ok la shop",184956190811,"Quai tráº¯ng Ä‘áº¿ Ä‘en,Size_ 01 CHIáº¾C Káº¸O",1,False,vn,VN,1713057994,1713057994
15046571667,22489557572,5,Giao hÃ ng nhanh. Sáº£n pháº©m hÆ¡i bá»‹ cháº¥t lÆ°á»£ng lun nha mn. NhÃ¬n ráº¥t cháº¯c cháº¯n. MÃ¬nh mua giÃ¡ sale 40k 1Ä‘Ã´i. QuÃ¡ lÃ  tuyá»‡t vá»i lun áº¡k,184956190792,"Quai tráº¯ng Ä‘áº¿ Ä‘en,Size 38",1,False,vn,VN,1714553601,1714553601
14944801978,22489557572,5,Sáº£n pháº©m Ä‘áº¹p. Ship nhiá»‡t tÃ¬nh. Giao hÃ ng nhanh. Cáº£m Æ¡n shop. Mua cho e trai k biáº¿t nÃ³ cÃ³ Ä‘i vá»«a k nhÆ°ng mÃ¬nh lÃ  mÃ¬nh Æ°ng hahaha,184956190789,"Quai tráº¯ng Ä‘áº¿ Ä‘en,Size 41",1,False,vn,VN,1713667051,1713667051
14812413487,22489557572,5,"Sau 2 ngÃ y chá» Ä‘á»£i cuá»‘i cÃ¹ng dÃ©p cÅ©ng vá». Cháº¥t lÆ°á»£ng dÃ©p tuyá»‡t vá»i.Äi Ãªm khÃ´ng trÆ¡n giÃ¡ cáº£ pháº£i trÄƒng quÃ¡ xuáº¥t sáº¯c luÃ´n , ok la shop",184956190790,"Quai tráº¯ng Ä‘áº¿ Ä‘en,Size 37",1,False,vn,VN,1712410125,1712410125
15168159901,22489557572,5,Láº§n Ä‘áº§u mua trÃªn shop nÃ y mua vá»›i giÃ¡ siÃªu ráº» hÃ ng cháº¥t láº½ size phÃ¹ há»£p giÃ¡ tiá»n táº·ng shop 5* vÃ¬ mang vá»«a chÃ¢n,184956190805,"Full Ä‘en,Size 41",1,False,vn,VN,1715502183,1715502183
14875787094,22489557572,5,Giao hÃ ng nhanh. Sáº£n pháº©m hÆ¡i bá»‹ cháº¥t lÆ°á»£ng lun nha mn. NhÃ¬n ráº¥t cháº¯c cháº¯n. MÃ¬nh mua giÃ¡ sale 40k 1Ä‘Ã´i. QuÃ¡ lÃ  tuyá»‡t vá»i lun áº¡k,184956190800,"Full Ä‘en,Size 43",1,False,vn,VN,1713016591,1713016591
14913771498,22489557572,5,"DÃ©p Ä‘áº¹p, cáº§m nháº¹, mong lÃ  bá»n giÃ¡ ráº», giao hÃ ng nhanh. NÃªn mua nhÃ© mn. Mua cho em trai nhÆ°ng n chÆ°a thá»­ kb vá»«a k",184956190800,"Full Ä‘en,Size 43",1,False,vn,VN,1713410082,1713410082
14875924519,22489557572,5,"Sp tá»‘t Ä‘Ã¡nh giÃ¡ 5 sao, cháº¥t liá»‡u co giÃ£n Ãªm chÃ¢n, Ä‘Ã£ mua á»§ng há»™ láº§n 2 láº§n sau váº«n sáº½ mua á»§ng há»™ tiáº¿p ğŸ‘",184956190800,"Full Ä‘en,Size 43",1,False,vn,VN,1713017900,1713017900
15169601643,22489557572,5,"DÃ©p mang Ãªm chÃ¢n láº¯m. Lá»›p Ä‘á»‡m cÅ©ng khÃ´ng quÃ¡ dÃ y, khÃ´ng sá»£ Ä‘i mÆ°a lÃ¢u khÃ´. Äáº·t Ä‘Ãºng size dÃ©p bÃ¬nh thÆ°á»ng mÃ¬nh mang nha má»i ngÆ°á»i, náº¿u khÃ´ng vá»«a thÃ¬ shop cÅ©ng cho Ä‘á»•i size ná»¯a. Ráº¥t Ä‘Ã¡ng tiá»n nha",184956190789,"Quai tráº¯ng Ä‘áº¿ Ä‘en,Size 41",1,False,vn,VN,1715510617,1715510617
14982217311,22489557572,5,"MÃ¬nh chá»¥p khÃ´ng Ä‘áº¹p nhÆ°ng hÃ ng siÃªu Ä‘áº¹p nha.vá»›i táº§m giÃ¡ nÃ y ko tin lÃ  mÃ£ hÃ ng nÃ y nÃ³ xinh Ä‘áº¿n váº­y luÃ´n. QuÃ¡ lag ok , sáº½ quay láº¡i mua vÃ  á»§ng há»™ nhiá»u. Shop tÆ° váº¥n cá»±c nhiá»‡t tÃ¬nh.",184956190790,"Quai tráº¯ng Ä‘áº¿ Ä‘en,Size 37",1,False,vn,VN,1713971363,1713971363
14813199257,22489557572,5,"MÃ¬nh chá»¥p khÃ´ng Ä‘áº¹p nhÆ°ng hÃ ng siÃªu Ä‘áº¹p nha.vá»›i táº§m giÃ¡ nÃ y ko tin lÃ  mÃ£ hÃ ng nÃ y nÃ³ xinh Ä‘áº¿n váº­y luÃ´n. QuÃ¡ lag ok , sáº½ quay láº¡i mua vÃ  á»§ng há»™ nhiá»u. Shop tÆ° váº¥n cá»±c nhiá»‡t tÃ¬nh.",184956190790,"Quai tráº¯ng Ä‘áº¿ Ä‘en,Size 37",1,False,vn,VN,1712414157,1712414157
14819776217,22489557572,5,"MÃ¬nh chá»¥p khÃ´ng Ä‘áº¹p nhÆ°ng hÃ ng siÃªu Ä‘áº¹p nha.vá»›i táº§m giÃ¡ nÃ y ko tin lÃ  mÃ£ hÃ ng nÃ y nÃ³ xinh Ä‘áº¿n váº­y luÃ´n. QuÃ¡ lag ok , sáº½ quay láº¡i mua vÃ  á»§ng há»™ nhiá»u. Shop tÆ° váº¥n cá»±c nhiá»‡t tÃ¬nh.",184956190790,"Quai tráº¯ng Ä‘áº¿ Ä‘en,Size 37",1,False,vn,VN,1712472202,1712472202
14880833359,22489557572,5,"ÄÃºng vá»›i mÃ´ táº£: Ä‘Ã³ng gÃ³i cáº©n tháº­n, dÃ©p Ä‘áº¹p vá»›i cÃ¡i sá»‘ tiá»n nÃ y thÃ¬ khÃ´ng mong chá» gi nhiá»u nhÆ°ng lÃºc nháº­n thÃ¬ khÃ´ng ngá» ráº» mÃ  Ä‘áº¹p nha nÃ³i chung lÃ  10 Ä‘iá»ƒm khÃ´ng cÃ³ nhÆ°ng",184956190800,"Full Ä‘en,Size 43",1,False,vn,VN,1713085317,1713085317
14876026704,22489557572,5,"dÃ©p phÃ¹ há»£p vá»›i giÃ¡ tiá»n , cháº¥t liá»‡u báº±ng cao su non Ä‘i cá»±c Ãªm luÃ´n áº¥y, phá»‘i Ä‘á»“ Ä‘áº¹p láº¯m vÃ¬ dÃ©p lÃ  máº«u má»›i , nÃªn ráº¥t thÃ­ch áº¡,sáº½ mua thÃªm Ä‘á»ƒ á»§ng há»™ shop nha",184956190800,"Full Ä‘en,Size 43",1,False,vn,VN,1713018906,1713018906
15046651144,22489557572,5,"Sáº£n pháº©m ráº¥t ok , Ä‘Ã³ng gÃ³i ráº¥t cháº¯c cháº¯n, hÃ ng Ä‘áº·t 2 ngÃ y lÃ  cÃ³ hÃ ng rá»“i áº¡ , ráº¥t Ä‘Ã¡ng tiá»n , chá» Ãª mÃª ğŸ˜˜( nÃªn á»§ng há»™ shop nha mn ğŸ‘ ) ğŸ’—ğŸ’—ğŸ’—ğŸ’—ğŸ’—ğŸ’—ğŸ’—ğŸ’—ğŸ’—ğŸ’—ğŸ’—",184956190792,"Quai tráº¯ng Ä‘áº¿ Ä‘en,Size 38",1,False,vn,VN,1714554084,1714554084
14812330629,22489557572,5,"dÃ©p phÃ¹ há»£p vá»›i giÃ¡ tiá»n , cháº¥t liá»‡u báº±ng cao su non Ä‘i cá»±c Ãªm luÃ´n áº¥y, phá»‘i Ä‘á»“ Ä‘áº¹p láº¯m vÃ¬ dÃ©p lÃ  máº«u má»›i , nÃªn ráº¥t thÃ­ch áº¡,sáº½ mua thÃªm Ä‘á»ƒ á»§ng há»™ shop nha",184956190790,"Quai tráº¯ng Ä‘áº¿ Ä‘en,Size 37",1,False,vn,VN,1712409731,1712409731
14904572703,22489557572,5,Ä‘Ã´i dÃ©p giÃ¡ pháº£i chÄƒng mÃ  Ä‘áº¹p láº¯m nha áº¡ shop giao Ä‘Ãºng máº«u Ä‘Ãºng size áº¡.MÃ  dÃ©p bÃªn shop cÃ³ nhiá»u máº«u Ä‘áº¹p ná»¯a nÃªn cÃ³ gÃ¬ em sáº½ á»§ng há»™ shop láº§n sau,184956190808,"Quai Ä‘en Ä‘áº¿ tráº¯ng,Size 43",1,False,vn,VN,1713330306,1713330306
14891753241,22489557572,5,"ÄÃ£ nháº­n Ä‘Æ°á»£c má»™t cÃ¡i gÃ¬ Ä‘Ã³, Ä‘Ã´i giÃ y lÃ  Ä‘áº¹p. MÃ u sáº¯c phÃ¹ há»£p vá»›i hÃ¬nh áº£nh vÃ  thÃ­ch nÃ³. GDÃ©p thá»±c sá»± tá»‘t, cháº¥t lÆ°á»£ng ráº¥t tá»‘t, Ä‘á» nghá»‹ cá»­a hÃ ng nÃ y oh",184956190808,"Quai Ä‘en Ä‘áº¿ tráº¯ng,Size 43",1,False,vn,VN,1713191666,1713191666
14891935560,22489557572,5,"Váº­n chuyá»ƒn nhanh chÃ³ng, váº­t lÃ½ phÃ¹ há»£p vá»›i hÃ¬nh áº£nh. KhÃ´ng lá»›n khÃ´ng nhá», vá»«a váº·n vá»«a váº·n chÃ¢n, Äƒn máº·c ráº¥t thoáº£i mÃ¡i. Ráº¥t tá»‘t, sáº½ Ä‘Æ°á»£c mua láº¡i má»™t láº§n ná»¯a",184956190808,"Quai Ä‘en Ä‘áº¿ tráº¯ng,Size 43",1,False,vn,VN,1713193219,1713193219
14816919484,22489557572,5,""" HÃ ng ráº¥t Æ¯ng.. 
giá»‘ng nhÆ° mÃ´ táº£.. 
mÃ u tráº¯ng Ä‘Ã©n quay dÃ©p ráº¥t má»m mang ráº¥t Ãªm chÃ¢n ..
Ráº¥t Ä‘Ã¡ng mua.. chuáº©n size nhÃ© cáº£ nhÃ .""",184956190790,"Quai tráº¯ng Ä‘áº¿ Ä‘en,Size 37",1,False,vn,VN,1712457033,1712457033
14945167867,22489557572,5,"Giao hÃ ng nhanh, 3 ngÃ y lÃ  cÃ³ hÃ ng rá»“i, Ä‘Ãºng size, giÃ¡ so vá»›i sáº£n pháº©m thÃ¬ quÃ¡ ok áº¡, cho 5 sao nha ğŸ˜š",184956190789,"Quai tráº¯ng Ä‘áº¿ Ä‘en,Size 41",1,False,vn,VN,1713669764,1713669764
14822396751,22489557572,5,"hÃ ng ráº¥t Ä‘áº¹p, hÃ¬nh thá»©c ok, Ä‘Ã³ng gÃ³i cáº©n tháº­n nhÆ°ng chÆ°a biáº¿t cháº¥t lÆ°á»£ng nhÆ° tháº¿ nÃ oâ¤, nÃ³i chung lÃ  cÃ¡c báº¡n nÃªn muaâ¤",184956190790,"Quai tráº¯ng Ä‘áº¿ Ä‘en,Size 37",1,False,vn,VN,1712484916,1712484916
14915959155,22489557572,5,DÃ©p ráº» nÃ³i chung lÃ  Ä‘áº¹p nma dÃ©p ngÃ y chá»‰ mang Ä‘i chÆ¡i táº¡i dÃ©p mÃ¬nh mua lÃ  mÃ u tráº¯ng vá»›i giÃ¡ thÃ nh nhÆ° nÃ y hong Ä‘Ã²i há»i thÃªm Ä‘Æ°á»£c cÃ¡i gÃ¬ cao hÆ¡n quÃ¡ NÃ³i chung tuá»³ vÃ o Ä‘Ã¡nh giÃ¡ cá»§a má»—i ngÆ°á»i mÃ¬nh tháº¥y sáº£n pháº©m nÃ y á»•n má»i ngÆ°á»i xem xÃ©t cÃ³ thá»ƒ mua vá» sÃ i thá»­,184956190807,"Full Ä‘en,Size 38",1,False,vn,VN,1713423267,1713423267
15047052693,22489557572,5,"Cháº¥t nhá»±a cá»©ng nhÆ°ng khÃ´ng bá»‹ thÃ´, Ä‘i vá»«a vÃ  Ãªm chÃ¢n. Äi trong vÄƒn phÃ²ng lÃ  vá»«a, khÃ´ng cÃ³ mÃ¹i hÄƒng hay khÃ©t gÃ¬ cáº£. Äá»™ bá»n thÃ¬ pháº£i dÃ¹ng má»›i biáº¿t Ä‘Æ°á»£c, cháº¥t nhá»±a nÃªn Ä‘i trá»i mÆ°a cháº¯c khÃ´ng bá»‹ mÃ¹i Ä‘Ã¢u",184956190792,"Quai tráº¯ng Ä‘áº¿ Ä‘en,Size 38",1,False,vn,VN,1714556418,1714556418
14822833260,22489557572,5,"- Cháº¥t liá»‡u cao su cao cáº¥p Ä‘Ã n há»“i tá»‘t, cháº¯c cháº¯n. - Äi cá»±c mÃ¡t vÃ  Ãªm, cÃ¡c báº¡n rá»­a chÃ¢n thoáº£i mÃ¡i khÃ´ng sá»£ há»ng nhÃ©. - Äáº¿ cá»±c Ãªm, Ä‘i Ä‘á»©ng lÃ¢u váº«n thoáº£i mÃ¡i.",184956190790,"Quai tráº¯ng Ä‘áº¿ Ä‘en,Size 37",1,False,vn,VN,1712487172,1712487172
14876164125,22489557572,5,"DÃ©p dáº¹p giao , Ä‘i thoáº£i mÃ¡i mÃ  Ãªm chÃ¢n láº¯m , phÃ¢n khÃºc giÃ¡ láº¡i vá»«a , má»i ngÆ°á»i lÃªn mua thá»­ dÃ©p tÄƒng chiá»u cao thÃªm khoáº£ng 3-4p thÃ´",184956190800,"Full Ä‘en,Size 43",1,False,vn,VN,1713020308,1713020308
14820780600,22489557572,5,Sáº£n pháº©m Ä‘áº¹p Ä‘Ã³ng gÃ³i cáº©n tháº­n giao hÃ ng nhanh shipper nhiá»‡t tÃ¬nh kÃ­ch thÆ°á»›c hÃ ng chuáº©n,184956190790,"Quai tráº¯ng Ä‘áº¿ Ä‘en,Size 37",1,False,vn,VN,1712477063,1712477063
14996814729,22489557572,5,"Thá»i gian giao hÃ ng ráº¥t lÃ  nhanh lun, dÃ©p Ä‘áº¹p, giÃ¡ ráº», shop Ä‘Ã³ng gÃ³i cáº©n tháº­n nhÆ°ng cÃ³ Ä‘iá»u lÃ  dÃ©p mÃ u tráº¯ng hÆ¡i kÃ©n da nÃªn báº¡n nÃ o da hÆ¡i ngÃ¢m thÃ¬ nÃªn chá»n mÃ u khÃ¡",184956190790,"Quai tráº¯ng Ä‘áº¿ Ä‘en,Size 37",1,False,vn,VN,1714108133,1714108133
15046933767,22489557572,5,"Chá»n cho cÃ¡i há»™p rÃ¡ch nÃ¡t :( Giao Ä‘Ãºng sáº£n pháº©m ÄÃºng size DÃ©p Ä‘i Ãªm chÃ¢n Da má»m. Cáº£m giÃ¡c Ä‘i ko Ã´m chÃ¢n, Ä‘i nhanh dá»… tuá»™t dÃ©p",184956190792,"Quai tráº¯ng Ä‘áº¿ Ä‘en,Size 38",1,False,vn,VN,1714555703,1714555703
14822702298,22489557572,5,"DÃ©p nhÃ¬n Ä‘áº¹p Ä‘i hÆ¡i náº·ng chÃ¢n, cháº¥t liá»‡u cÅ©ng á»•n vÃ  Ä‘Ã£ mua 2 láº§n á»Ÿ shop. Láº§n sau sáº½ quay láº¡i á»§ng há»™ shop tiáº¿p",184956190790,"Quai tráº¯ng Ä‘áº¿ Ä‘en,Size 37",1,False,vn,VN,1712486481,1712486481
14880719011,22489557572,5,HÃ ng Ä‘áº¹p láº¯m áº¡ giá»‘ng á»Ÿ shop lun áº¡ cháº¥t lÆ°á»£ng sáº½ á»§ng há»™ láº§n sau bÃ¡n hÃ ng cÃ³ tÃ¢m áº¡ giao nhanh ráº»,184956190800,"Full Ä‘en,Size 43",1,False,vn,VN,1713084340,1713084340
14821047943,22489557572,5,DÃ©p Ä‘áº¹p giao hÃ ng nhanh uy tÃ­n Ä‘Ã³ng gÃ³i sáº£n pháº©m cháº¯c cháº¯n há»£p vá»›i giÃ¡ tiá»n láº§n sauu sáº½ quay láº¡i á»§ng há»™,184956190790,"Quai tráº¯ng Ä‘áº¿ Ä‘en,Size 37",1,False,vn,VN,1712478325,1712478325
15169552551,22489557572,5,Máº«u mÃ£ Ä‘Ãºng áº£nh ÃŠm chÃ¢n Shop tÆ° váº¥n nhiá»‡t tÃ¬nh vÃ  dá»… thÆ°Æ¡ng Ship khÃ¡ nhanh,184956190789,"Quai tráº¯ng Ä‘áº¿ Ä‘en,Size 41",3,False,vn,VN,1715510332,1715510332
14822268226,22489557572,5,"DÃ‰P Äáº¸P,DA Má»€M,Má»ŠN,Cáº¦M CHáº®C TAY,ÄI KHÃ NHáº¸,MUA GIÃ Ráºº MÃ€ ÄÆ¯á»¢C ÄÃ”I DÃ‰P QUÃ Xá»ŠN XÃ’,ÄÃNG Äá»‚ MUA THá»¬",184956190790,"Quai tráº¯ng Ä‘áº¿ Ä‘en,Size 37",1,False,vn,VN,1712484272,1712484272
14816535015,22489557572,5,"DÃ©p Ä‘áº¹p Æ°ng máº¯t phÃ¹ há»£p vá»›i giÃ¡ tiá»n. Giao hÃ ng nhanh, nhiá»‡t tÃ¬nh. á»¦ng há»™ shop 5 sao",184956190790,"Quai tráº¯ng Ä‘áº¿ Ä‘en,Size 37",1,False,vn,VN,1712454304,1712454304
14822174017,22489557572,5,Giao hÃ ng nhanh Ä‘Ã³ng gÃ³i cáº©n tháº­n hÃ ng tá»‘t cháº¥t lÆ°á»£ng im dáº¹p Ä‘áº¹p mang dá»«a váº­n,184956190790,"Quai tráº¯ng Ä‘áº¿ Ä‘en,Size 37",1,False,vn,VN,1712483798,1712483798
14821385703,22489557572,5,Shop giao hÃ ng nhanh Ä‘Ã³ng gÃ³i cáº©n tháº­n Sáº½ á»§ng há»™ shop tiáº¿p láº§n sau,184956190790,"Quai tráº¯ng Ä‘áº¿ Ä‘en,Size 37",1,False,vn,VN,1712479980,1712479980
14913703560,22489557572,5,"Trá»i Æ¡i ,xinh suáº¥t sáº¯c nha,Ä‘áº¿ cao,cá»©ng ,cháº¯c cháº¯n ,Ä‘áº¹p ,nÃ³i chung Æ°ng,sáº½ Ä‘áº·t thÃªm ná»¯a ,tui size 41 mÃ  Ä‘áº·t há» thÃªm 1size lÃ  size 42 mÃ  ai dÃ¨ vá»«a luÃ´n,hÆ¡i rá»™ng khoáº£ng 1cm thoy hÃ  ,bonus thÃªm anh shipper nÃ³i chuyá»‡n áº¥m Ã¡p quÃ¡ chá»«ng luÃ´n,giao hÃ ng nhanh",184956190800,"Full Ä‘en,Size 43",1,False,vn,VN,1713409596,1713409596
14713166606,22489557572,5,QuÃ¡ tuyá»‡t vá»i tráº¯ng full size 38 Ä‘áº¹p láº¯m nha mng nÃªn mua nha shop cÅ©ng tÆ° váº¥n nhiá»‡t tÃ¬nh ná»¯a máº·c dÃ¹ cÃ³ bá»‹ giao lá»™n mÃ u nhÆ°ng shop chá»‹u tráº£ hÃ ng quÃ¡ tuyá»‡t vá»i cho shop 5*,184956190790,"Quai tráº¯ng Ä‘áº¿ Ä‘en,Size 37",1,False,vn,VN,1711791727,1711791727
14913582297,22489557572,5,"ÄÃºng vá»›i mÃ´ táº£: dÃ©p Ä‘áº¹p láº¯m mn áº¡ , quÃ¡ tuyá»‡t vá»i luÃ´n áº¡ , Ä‘Ã³ng gÃ³i cáº©n tháº­nğŸ’• , láº§n sau á»§ng há»™ tiáº¿p áº¡ğŸ’‹ğŸ’‹ğŸ’‹",184956190800,"Full Ä‘en,Size 43",1,False,vn,VN,1713408691,1713408691
14816994618,22489557572,5,HÃ ng oke Ä‘áº¹p giÃ¡ ráº» Ä‘áº¿ lÃ m báº±ng cao su cá»©ng bÃªn trÃªn lÃ m báº±ng da Ä‘i Ãªm chÃ¢n nÃªn mua nha ae,184956190790,"Quai tráº¯ng Ä‘áº¿ Ä‘en,Size 37",1,False,vn,VN,1712457500,1712457500
14944858910,22489557572,5,Ráº¥t Ä‘áº¹p áº¡ Ä‘i vá»«a cÃ¡c báº¡n nÃªn lÃ¹i size nhÃ© Ä‘i ráº¥t Ä‘áº¹p luÃ´n láº¡i cÃ²n sÄƒn dc giÃ¡ ráº»,184956190789,"Quai tráº¯ng Ä‘áº¿ Ä‘en,Size 41",1,False,vn,VN,1713667496,1713667496
14913877841,22489557572,5,"Cháº¥t lÆ°á»£ng tá»‘t Ä‘áº¹p phÃ¹ há»£p vá»›i má»i chÃ¢n má»i lá»©a tuá»•i má»i, ngÆ°á»i nÃªn mua 1 láº§n nha ğŸ˜ğŸ˜ğŸ˜",184956190800,"Full Ä‘en,Size 43",1,False,vn,VN,1713410852,1713410852
15043305302,22489557572,5,DÃ©p Ä‘áº¹p láº¯m khÃ´ng cÃ³ gÃ¬ Ä‘á»ƒ chÃª cÃ²n ráº» ná»¯a shop cÅ©ng ráº¥t nhiá»‡t tÃ¬nh,184956190792,"Quai tráº¯ng Ä‘áº¿ Ä‘en,Size 38",1,False,vn,VN,1714532846,1714532846
15168770025,22489557572,5,"Giao hÃ ng nhanh, Ä‘Ãºng size Ä‘i vá»«a Ä‘áº¹p,nÃ³i chung lÃ  Æ°ng láº¯m luÃ´n,thank shop",184956190805,"Full Ä‘en,Size 41",1,False,vn,VN,1715505741,1715505741
14812679986,22489557572,5,"Giao hÃ ng nhanh, Ä‘Ãºng size Ä‘i vá»«a Ä‘áº¹p,nÃ³i chung lÃ  Æ°ng láº¯m luÃ´n,thank shop",184956190790,"Quai tráº¯ng Ä‘áº¿ Ä‘en,Size 37",1,False,vn,VN,1712411440,1712411440
15298934584,22489557572,5,dÃ©p size 42 nhÆ°ng quai ráº¥t rá»™ng mong shop sáº½ kháº¯c phá»¥c (bÃ¬nh luáº­n chá»‰ mang tÃ­nh cháº¥t nháº­n xu cÃ³ pet sÃ´i cÃ³ pha ban cÃ³ thá»ƒ lÃ  s Ã¡ t quÃªn Ä‘i dc k cÃ³ nhá»¯ng Ä‘á»©a tráº» cÃ³ j kh Ä‘i lÃ m Ã¡ ChÃ¢u tá»± do Háº¡nh cÃ³ nháº­n thá»©c),184956190794,"Quai Ä‘en Ä‘áº¿ tráº¯ng,Size 41",1,False,vn,VN,1716629258,1716629258
14944751637,22489557572,5,"Sáº£n pháº©m ráº¥t tuyá»‡t vá»i mn nÃªn mua áº¡. MÃ¬nh Ä‘áº·t há»™ em trai mÃ  nÃ³ Ä‘i vá»«a quÃ¡ trá»i,mn nÃªn Ä‘áº·t lÃªn má»™t size nha, em mÃ¬nh á»Ÿ ngoÃ i Ä‘i 39 hÆ¡i lá»ng mÃ  dÃ©p nÃ y lÃªn size 40 vá»«a in luÃ´n. Sáº£n pháº©m ráº¥t Ä‘Ã¡ng mua nha mn",184956190789,"Quai tráº¯ng Ä‘áº¿ Ä‘en,Size 41",1,False,vn,VN,1713666665,1713666665
15046731709,22489557572,5,Nháº­n Ä‘Æ°á»£c hÃ ng Æ°ng láº¯m lun Ã½ Ä‘Ãºng siz vá»›i giÃ¡ tiá»n nhÆ° váº§y mÃ  Ä‘c cháº¥t lÆ°á»£ng quÃ¡ oke lun áº¥y há»‘t Ä‘i mn ko sau nÃ y giÃ¡ lÃªn ğŸ˜‚,184956190792,"Quai tráº¯ng Ä‘áº¿ Ä‘en,Size 38",1,False,vn,VN,1714554523,1714554523
14961506682,22489557572,5,Nháº­n Ä‘Æ°á»£c hÃ ng Æ°ng láº¯m lun Ã½ Ä‘Ãºng siz vá»›i giÃ¡ tiá»n nhÆ° váº§y mÃ  Ä‘c cháº¥t lÆ°á»£ng quÃ¡ oke lun áº¥y há»‘t Ä‘i mn ko sau nÃ y giÃ¡ lÃªn ğŸ˜‚,184956190790,"Quai tráº¯ng Ä‘áº¿ Ä‘en,Size 37",1,False,vn,VN,1713794579,1713794579
14813283494,22489557572,5,sp oke nma cÃ³ lá»—i tÃ­ má»±c á»Ÿ pháº§n Ä‘áº§u.má»›i Ä‘áº§u tráº¯ng nÃ y nma Ä‘i 1 tgian bá»‹ báº©n ko biáº¿t cÃ³ Ä‘Ã¡nh Ä‘c ko nch á»•n nÃªn mu,184956190790,"Quai tráº¯ng Ä‘áº¿ Ä‘en,Size 37",1,False,vn,VN,1712414615,1712414615
14875325940,22489557572,5,"TÆ°á»Ÿng giao lÃ¢u mÃ  nhanh quÃ¡ áº¡, vá»«a chÃ¢n ná»¯, nam Ä‘i cÃ³ láº½ lÃªn 1 size lÃ  quÃ¡ Ä‘áº¹p nhÆ°ng nhÆ° nÃ y lÃ  Æ°ng láº¯m rá»“i nÃ¨.",184956190800,"Full Ä‘en,Size 43",1,False,vn,VN,1713012501,1713012501
14819870262,22489557572,5,"TÆ°á»Ÿng giao lÃ¢u mÃ  nhanh quÃ¡ áº¡, vá»«a chÃ¢n ná»¯, nam Ä‘i cÃ³ láº½ lÃªn 1 size lÃ  quÃ¡ Ä‘áº¹p nhÆ°ng nhÆ° nÃ y lÃ  Æ°ng láº¯m rá»“i nÃ¨.",184956190790,"Quai tráº¯ng Ä‘áº¿ Ä‘en,Size 37",1,False,vn,VN,1712472658,1712472658
14713041918,22489557572,5,"TÆ°á»Ÿng giao lÃ¢u mÃ  nhanh quÃ¡ áº¡, vá»«a chÃ¢n ná»¯, nam Ä‘i cÃ³ láº½ lÃªn 1 size lÃ  quÃ¡ Ä‘áº¹p nhÆ°ng nhÆ° nÃ y lÃ  Æ°ng láº¯m rá»“i nÃ¨.",184956190790,"Quai tráº¯ng Ä‘áº¿ Ä‘en,Size 37",1,False,vn,VN,1711791136,1711791136
15167605143,22489557572,5,HÃ ng ok trong táº§m gia. Mua Ä‘i choi di trong nhÃ  cÅ©ng tiá»‡n.sáº½ á»§ng há»™ shop ná»¯a má»i ngÆ°á»i nÃªn mua,184956190805,"Full Ä‘en,Size 41",1,False,vn,VN,1715498863,1715498863
14822554198,22489557572,5,Æ¯ng tháº­t sá»± dÃ©p Ä‘áº¹p xÄ©u mang lÃªn Ãªm chÃ¢n láº¯m mhoong cÃ³ Ä‘iá»ƒm gÃ¬ Ä‘á»ƒ chÃª cáº£ Ä‘Ã¡ng tiá»n láº¯m nÃªn mua nhe,184956190790,"Quai tráº¯ng Ä‘áº¿ Ä‘en,Size 37",1,False,vn,VN,1712485726,1712485726
14945240671,22489557572,5,KhuyÃªn má»i ngÆ°á»i mua tÄƒng lÃªn má»™t size con thÃ­ch Ä‘i rá»™ng thÃ¬ tÄƒng lÃªn hai size nhÃ© khuyÃªn tháº­t lÃ²ngï¿¼ï¿¼ï¿¼ï¿¼,184956190789,"Quai tráº¯ng Ä‘áº¿ Ä‘en,Size 41",1,False,vn,VN,1713670296,1713670296
14944595138,22489557572,5,KhuyÃªn má»i ngÆ°á»i mua tÄƒng lÃªn má»™t size con thÃ­ch Ä‘i rá»™ng thÃ¬ tÄƒng lÃªn hai size nhÃ© khuyÃªn tháº­t lÃ²ngï¿¼ï¿¼ï¿¼ï¿¼,184956190789,"Quai tráº¯ng Ä‘áº¿ Ä‘en,Size 41",1,False,vn,VN,1713665408,1713665408
14916048781,22489557572,5,DÃ©p Ä‘áº¹p ok Ä‘Ãºng mÃ´ táº£ áº£nh 5 sao sáº£n pháº©m cháº¥t lÆ°á»£ng giÃ¡ nhÆ° váº­y mÃ  dÃ©p tháº¿ ok rá»“i,184956190808,"Quai Ä‘en Ä‘áº¿ tráº¯ng,Size 43",1,False,vn,VN,1713423790,1713423790
15299917231,22489557572,5,"MÃ u sáº¯c:Ä‘Ãºng mÃ u
ÄÃºng vá»›i mÃ´ táº£:ok

GiÃ¡ cáº£ há»£p lÃ½",184956190794,"Quai Ä‘en Ä‘áº¿ tráº¯ng,Size 41",1,False,vn,VN,1716635036,1716635036
14937068238,22489557572,5,"ÄÃºng vá»›i mÃ´ táº£:dÃ©p Ä‘Ãºng vs hÃ¬nh

Sáº£n pháº©m ok",184956190798,"Quai Ä‘en Ä‘áº¿ tráº¯ng,Size 42",1,False,vn,VN,1713594528,1713594528
14816082310,22489557572,5,"Thank ciuu báº¡n Ä‘Ã£ tin tÆ°á»Ÿng á»§ng há»™ vÃ  Ä‘á»ƒ láº¡i feedback cho shop áº¡ğŸ¥° Niá»m tin b dÃ nh cho shop lÃ  1 Ä‘á»™ng lá»±c lá»›n giÃºp shop cáº£i thiá»‡n ngÃ y má»™t phÃ¡t triá»ƒn hÆ¡n. Shop chÃºc b cÃ¹ng gÄ‘ luÃ´n vui tÆ°Æ¡i, máº¡nh khoáº», háº¡nh phÃºc vÃ  gáº·p nhiá»u may máº¯n nhaaaaaâ¤ï¸â¤ï¸",184956190790,"Quai tráº¯ng Ä‘áº¿ Ä‘en,Size 37",1,False,vn,VN,1712450235,1712450235
14820412601,22489557572,5,"Thank ciuu báº¡n Ä‘Ã£ tin tÆ°á»Ÿng á»§ng há»™ vÃ  Ä‘á»ƒ láº¡i feedback cho shop áº¡ğŸ¥° Niá»m tin b dÃ nh cho shop lÃ  1 Ä‘á»™ng lá»±c lá»›n giÃºp shop cáº£i thiá»‡n ngÃ y má»™t phÃ¡t triá»ƒn hÆ¡n. Shop chÃºc b cÃ¹ng gÄ‘ luÃ´n vui tÆ°Æ¡i, máº¡nh khoáº», háº¡nh phÃºc vÃ  gáº·p nhiá»u may máº¯n nhaaaaaâ¤ï¸â¤ï¸",184956190790,"Quai tráº¯ng Ä‘áº¿ Ä‘en,Size 37",1,False,vn,VN,1712475273,1712475273
14944182378,22489557572,5,"ráº¥t Ä‘áº¹p, ráº», sáº£n pháº©m há»£p thá»i trang ráº¥t Æ°ng vÃ  sáº½ á»§ng há»™ shop tiáº¿p nÃªn giá»¯ cáº©n tháº­n trÃ¡nh bá»‹ báº©n",184956190789,"Quai tráº¯ng Ä‘áº¿ Ä‘en,Size 41",1,False,vn,VN,1713661375,1713661375
15304444968,22489557572,5,"ÄÃºng vá»›i mÃ´ táº£:b5vá»³tdtercvtvtc444c5vtbtv rrvrvvrv44cv4cv44cv44ccvv
Cháº¥t liá»‡u:gvcr4c4",184956190805,"Full Ä‘en,Size 41",3,False,vn,VN,1716691702,1716691702
14944460689,22489557572,5,"Cá»¡ giÃ y dÃ©p lÃ  má»™t chá»‰ thá»‹ báº±ng sá»‘ vÃ  chá»¯ vá» Ä‘á»™ khÃ­t cá»§a giÃ y dÃ©p Ä‘á»‘i vá»›i bÃ n chÃ¢n cá»§a má»—i ngÆ°á»i. ThÃ´ng thÆ°á»ng, nÃ³ chá»‰ bao gá»“m má»™t sá»‘ chá»‰ ra Ä‘á»™ dÃ i do nhiá»u nhÃ  sáº£n xuáº¥t giÃ y dÃ©p chá»‰ cung cáº¥p má»™t Ä‘á»™ dÃ i tiÃªu chuáº©n vÃ¬ lÃ½ do cÃ¡c kinh táº¿. CÃ³ má»™t vÃ i há»‡ thá»‘ng kÃ­ch cá»¡ giÃ y dÃ©p khÃ¡c nhau Ä‘Æ°á»£c sá»­ dá»¥ng trÃªn",184956190789,"Quai tráº¯ng Ä‘áº¿ Ä‘en,Size 41",1,False,vn,VN,1713664200,1713664200
14880665136,22489557572,5,"Cá»¡ giÃ y dÃ©p lÃ  má»™t chá»‰ thá»‹ báº±ng sá»‘ vÃ  chá»¯ vá» Ä‘á»™ khÃ­t cá»§a giÃ y dÃ©p Ä‘á»‘i vá»›i bÃ n chÃ¢n cá»§a má»—i ngÆ°á»i. ThÃ´ng thÆ°á»ng, nÃ³ chá»‰ bao gá»“m má»™t sá»‘ chá»‰ ra Ä‘á»™ dÃ i do nhiá»u nhÃ  sáº£n xuáº¥t giÃ y dÃ©p chá»‰ cung cáº¥p má»™t Ä‘á»™ dÃ i tiÃªu chuáº©n vÃ¬ lÃ½ do cÃ¡c kinh táº¿. CÃ³ má»™t vÃ i há»‡ thá»‘ng kÃ­ch cá»¡ giÃ y dÃ©p khÃ¡c nhau Ä‘Æ°á»£c sá»­ dá»¥ng trÃªn",184956190800,"Full Ä‘en,Size 43",1,False,vn,VN,1713083892,1713083892
